Model,CFCBK,FCBK,Zigzag,Class-agnostic AP
Thera Bihar to Test Bihar,0.5747788407603306,0.0725654759411515,0.6157773564119527,0.6146830419123643
Thera Haryana to Test Bihar,0.0,0.0127315235499606,0.4753657164017718,0.4948012799853515
Thera Delhi to Test WB,0.0,0.09793150068014381,0.315037882760806,0.30596700492003304
Thera WB to Test Delhi,0.0,0.0069287718792669,0.5370980522881996,0.5797422139829569
