Model,CFCBK,FCBK,Zigzag,Class-agnostic AP
Thera Bihar to Test Bihar,0.6443132774815943,0.0645529080290052,0.7033142372575872,0.700746197729938
Thera Haryana to Test Bihar,0.0,0.04224119723336023,0.6243533622917039,0.6176419288863362
Thera Delhi to West Bengal,0.0,0.073198047057135,0.3545399175344546,0.3408520106091998
Thera West Bengal to Delhi NCR,0.0,0.088004125339867,0.5885072023988183,0.4372855864694468
